#delta 	 mean 	 stddev 
30	14.6715066134468	4.62283683427177
60	13.8612529654023	4.79438541781255
