#delta 	 mean 	 stddev 
30	14.3137886380981	4.748698680738
60	13.7849841897032	4.77258816942574
