#delta 	 mean 	 stddev 
30	10.8172067203612	3.47608192449979
60	10.3005587307931	3.26215066327079
