#delta 	 mean 	 stddev 
30	4.41168764830681	1.72831224560541
60	4.47155911821056	1.81373677587941
