#delta 	 mean 	 stddev 
30	4.17825374234164	1.90851402621835
60	4.46700472144374	2.27850636878111
