#delta 	 mean 	 stddev 
30	10.7053383559378	3.83265082515385
60	10.4031467377007	3.3958381983051
