#scanningInterval 	 mean 	 stddev 
1	10.4026706403597	3.56946167367118
15	9.84433288961079	3.30597316511026
30	10.8172067203612	3.47608192449979
60	10.7053383559378	3.83265082515385
