#scanningInterval 	 mean 	 stddev 
1	4.85873638481108	2.56369588418712
15	4.85162053875498	2.50477173285523
30	4.46700472144374	2.27850636878111
60	4.47155911821056	1.81373677587941
