#scanningInterval 	 mean 	 stddev 
1	4.27940012337801	2.34937010951538
15	4.27215926132083	1.82465315002518
30	4.17825374234164	1.90851402621835
60	4.41168764830681	1.72831224560541
