#scanningInterval 	 mean 	 stddev 
1	14.3137886380981	4.748698680738
15	13.7634293655127	4.42462214631246
30	14.6715066134468	4.62283683427177
60	14.8398246682558	5.27526405954521
