#scanningInterval 	 mean 	 stddev 
1	11.1342314190856	3.88793515977101
15	10.6533675770369	3.31920725322592
30	10.3005587307931	3.26215066327079
60	10.4031467377007	3.3958381983051
