#scanningInterval 	 mean 	 stddev 
1	13.7849841897032	4.77258816942574
15	13.504100606573	4.55840642156559
30	13.8612529654023	4.79438541781255
60	15.2394832574282	4.81078268326209
