#range 	 mean 	 stddev 
15	4.85873638481108	2.56369588418712
30	11.1342314190856	3.88793515977101
45	13.7849841897032	4.77258816942574
