#range 	 mean 	 stddev 
15	4.17825374234164	1.90851402621835
30	10.8172067203612	3.47608192449979
45	14.6715066134468	4.62283683427177
