#range 	 mean 	 stddev 
15	4.92672035132425	2.05086136131954
30	12.7293771938426	3.75606141459971
45	15.3720177502032	5.17682324774853
