#range 	 mean 	 stddev 
15	4.47155911821056	1.81373677587941
30	10.4031467377007	3.3958381983051
45	15.2394832574282	4.81078268326209
