#range 	 mean 	 stddev 
15	4.85162053875498	2.50477173285523
30	10.6533675770369	3.31920725322592
45	13.504100606573	4.55840642156559
