#scanning interval 	 mean 
1	11.3916666666667
15	18.4583333333333
30	36.9583333333333
60	51.0666666666667
